,bias,betha_1,betha_2,betha_3,betha_4,betha_5
count,739.0,739.0,739.0,739.0,739.0,739.0
mean,1.890952163436852,-1.073098124898095,0.010098886450321358,3.0757992269266348,0.1556804260283024,-0.056734797692855256
std,0.45970165693783593,1.1155191363576817,0.33902042141667615,1.7170903275099931,0.3730208932389205,0.211494312209858
min,1.3815176939806562,-11.285468475390728,-3.597597485202832,1.8787854679402811,-0.3181081065331273,-1.977751411773073
25%,1.622760771566342,-1.8680057308623466,0.01074668939845745,2.3704151290350657,-0.0789194034268471,-0.13593594485095767
50%,1.744012226706105,-0.710640936672744,0.0905867580948931,2.5186579019940574,0.1649130796190123,-0.0278897412111913
75%,2.1398602294860343,-0.49669566801779275,0.15186853350113386,4.01524961551766,0.27474262002671423,0.06617693298050735
max,6.087414377008119,0.1158268120759026,0.3496234773298943,20.252499370666847,4.13695998744932,0.3284754959556097
